"","Home","Away","R"
"1","Arsenal","Leicester","H"
"2","Brighton","Man City","A"
"3","Chelsea","Burnley","A"
"4","Crystal Palace","Huddersfield","A"
"5","Everton","Stoke","H"
"8","West Brom","Bournemouth","H"
"9","Man United","West Ham","H"
"10","Newcastle","Tottenham","A"
"11","Bournemouth","Watford","A"
"12","Burnley","West Brom","A"
"13","Leicester","Brighton","H"
"14","Liverpool","Crystal Palace","H"
"15","Southampton","West Ham","H"
"16","Stoke","Arsenal","H"
"17","Swansea","Man United","A"
"18","Huddersfield","Newcastle","H"
"19","Tottenham","Chelsea","A"
"21","Bournemouth","Man City","A"
"22","Crystal Palace","Swansea","A"
"24","Man United","Leicester","H"
"25","Newcastle","West Ham","H"
"27","Chelsea","Everton","H"
"28","Liverpool","Arsenal","H"
"31","Arsenal","Bournemouth","H"
"32","Brighton","West Brom","H"
"33","Everton","Tottenham","A"
"34","Leicester","Chelsea","A"
"35","Man City","Liverpool","H"
"36","Southampton","Watford","A"
"38","Burnley","Crystal Palace","H"
"39","Swansea","Newcastle","A"
"40","West Ham","Huddersfield","H"
"41","Bournemouth","Brighton","H"
"42","Crystal Palace","Southampton","A"
"45","Newcastle","Stoke","H"
"47","Watford","Man City","A"
"50","Man United","Everton","H"
"52","Everton","Bournemouth","H"
"53","Leicester","Liverpool","A"
"54","Man City","Crystal Palace","H"
"55","Southampton","Man United","A"
"56","Stoke","Chelsea","A"
"57","Swansea","Watford","A"
"58","West Ham","Tottenham","A"
"59","Brighton","Newcastle","H"
"60","Arsenal","West Brom","H"
"62","Chelsea","Man City","A"
"63","Huddersfield","Tottenham","A"
"64","Man United","Crystal Palace","H"
"65","Stoke","Southampton","H"
"67","West Ham","Swansea","H"
"68","Arsenal","Brighton","H"
"69","Everton","Burnley","A"
"72","Crystal Palace","Chelsea","H"
"74","Man City","Stoke","H"
"75","Swansea","Huddersfield","H"
"76","Tottenham","Bournemouth","H"
"77","Watford","Arsenal","H"
"81","West Ham","Brighton","A"
"82","Chelsea","Watford","H"
"83","Huddersfield","Man United","H"
"84","Man City","Burnley","H"
"85","Newcastle","Crystal Palace","H"
"86","Southampton","West Brom","H"
"87","Stoke","Bournemouth","A"
"88","Swansea","Leicester","A"
"89","Everton","Arsenal","A"
"90","Tottenham","Liverpool","H"
"91","Arsenal","Swansea","H"
"92","Bournemouth","Chelsea","A"
"94","Liverpool","Huddersfield","H"
"95","Man United","Tottenham","H"
"96","Watford","Stoke","A"
"97","West Brom","Man City","A"
"99","Leicester","Everton","H"
"100","Burnley","Newcastle","H"
"101","Huddersfield","West Brom","H"
"102","Newcastle","Bournemouth","A"
"103","Southampton","Burnley","A"
"105","Swansea","Brighton","A"
"106","West Ham","Liverpool","A"
"107","Chelsea","Man United","H"
"108","Everton","Watford","H"
"109","Man City","Arsenal","H"
"110","Tottenham","Crystal Palace","H"
"111","Arsenal","Tottenham","H"
"112","Bournemouth","Huddersfield","H"
"113","Burnley","Swansea","H"
"115","Leicester","Man City","A"
"116","Liverpool","Southampton","H"
"117","Man United","Newcastle","H"
"118","West Brom","Chelsea","A"
"119","Watford","West Ham","H"
"122","Crystal Palace","Stoke","H"
"124","Man United","Brighton","H"
"125","Newcastle","Watford","A"
"128","Burnley","Arsenal","A"
"129","Huddersfield","Man City","A"
"130","Southampton","Everton","H"
"132","Leicester","Tottenham","H"
"133","Watford","Man United","A"
"135","Arsenal","Huddersfield","H"
"136","Bournemouth","Burnley","A"
"137","Chelsea","Swansea","H"
"138","Everton","West Ham","H"
"139","Man City","Southampton","H"
"140","Stoke","Liverpool","A"
"141","Arsenal","Man United","A"
"142","Brighton","Liverpool","A"
"143","Chelsea","Newcastle","H"
"144","Everton","Huddersfield","H"
"145","Leicester","Burnley","H"
"146","Stoke","Swansea","H"
"150","Man City","West Ham","H"
"151","Burnley","Watford","H"
"153","Huddersfield","Brighton","H"
"154","Newcastle","Leicester","A"
"155","Swansea","West Brom","H"
"156","Tottenham","Stoke","H"
"157","West Ham","Chelsea","H"
"159","Man United","Man City","A"
"161","Burnley","Stoke","H"
"162","Crystal Palace","Watford","H"
"163","Huddersfield","Chelsea","A"
"165","Man United","Bournemouth","H"
"166","Newcastle","Everton","A"
"167","Southampton","Leicester","A"
"168","Swansea","Man City","A"
"169","Tottenham","Brighton","H"
"171","Arsenal","Newcastle","H"
"173","Chelsea","Southampton","H"
"174","Leicester","Crystal Palace","A"
"175","Man City","Tottenham","H"
"176","Stoke","West Ham","A"
"177","Watford","Huddersfield","A"
"178","Bournemouth","Liverpool","A"
"179","West Brom","Man United","A"
"180","Everton","Swansea","H"
"182","Brighton","Watford","H"
"183","Burnley","Tottenham","A"
"186","Man City","Bournemouth","H"
"188","Stoke","West Brom","H"
"190","West Ham","Newcastle","A"
"192","Chelsea","Brighton","H"
"194","Liverpool","Swansea","H"
"196","Tottenham","Southampton","H"
"197","Watford","Leicester","H"
"199","Newcastle","Man City","A"
"200","Crystal Palace","Arsenal","A"
"201","Bournemouth","Everton","H"
"202","Chelsea","Stoke","H"
"204","Liverpool","Leicester","H"
"207","Watford","Swansea","A"
"211","Burnley","Liverpool","A"
"212","Everton","Man United","A"
"213","Leicester","Huddersfield","H"
"214","Stoke","Newcastle","A"
"215","Man City","Watford","H"
"216","Southampton","Crystal Palace","A"
"217","Swansea","Tottenham","A"
"218","West Ham","West Brom","H"
"222","Crystal Palace","Burnley","H"
"223","Huddersfield","West Ham","A"
"225","Tottenham","Everton","H"
"227","West Brom","Brighton","H"
"228","Bournemouth","Arsenal","H"
"229","Liverpool","Man City","H"
"230","Man United","Stoke","H"
"231","Arsenal","Crystal Palace","H"
"232","Brighton","Chelsea","A"
"233","Burnley","Man United","A"
"235","Leicester","Watford","H"
"236","Man City","Newcastle","H"
"237","Stoke","Huddersfield","H"
"240","Swansea","Liverpool","H"
"241","Huddersfield","Liverpool","A"
"242","Swansea","Arsenal","H"
"244","Chelsea","Bournemouth","A"
"245","Everton","Leicester","H"
"246","Man City","West Brom","H"
"250","Tottenham","Man United","H"
"251","Arsenal","Everton","H"
"252","Bournemouth","Stoke","H"
"253","Brighton","West Ham","H"
"256","Man United","Huddersfield","H"
"257","West Brom","Southampton","A"
"260","Watford","Chelsea","H"
"261","Everton","Crystal Palace","H"
"262","Man City","Leicester","H"
"264","Swansea","Burnley","H"
"265","Tottenham","Arsenal","H"
"266","West Ham","Watford","H"
"267","Huddersfield","Bournemouth","H"
"268","Newcastle","Man United","H"
"269","Southampton","Liverpool","A"
"270","Chelsea","West Brom","H"
"272","Brighton","Swansea","H"
"275","Liverpool","West Ham","H"
"276","Watford","Everton","H"
"277","West Brom","Huddersfield","A"
"278","Crystal Palace","Tottenham","A"
"279","Man United","Chelsea","H"
"280","Arsenal","Man City","A"
"281","Burnley","Everton","H"
"283","Liverpool","Newcastle","H"
"285","Swansea","West Ham","H"
"286","Tottenham","Huddersfield","H"
"287","Watford","West Brom","H"
"288","Brighton","Arsenal","H"
"289","Man City","Chelsea","H"
"290","Crystal Palace","Man United","A"
"291","Chelsea","Crystal Palace","H"
"292","Everton","Brighton","H"
"294","Man United","Liverpool","H"
"295","Newcastle","Southampton","H"
"296","West Brom","Leicester","A"
"297","West Ham","Burnley","A"
"298","Arsenal","Watford","H"
"299","Bournemouth","Tottenham","A"
"300","Stoke","Man City","A"
"301","Bournemouth","West Brom","H"
"302","Huddersfield","Crystal Palace","A"
"303","Liverpool","Watford","H"
"304","Stoke","Everton","A"
"305","Brighton","Leicester","A"
"306","Crystal Palace","Liverpool","A"
"307","Everton","Man City","A"
"308","Man United","Swansea","H"
"309","Newcastle","Huddersfield","H"
"311","West Brom","Burnley","A"
"312","West Ham","Southampton","H"
"313","Arsenal","Stoke","H"
"314","Chelsea","Tottenham","A"
"318","Leicester","Newcastle","A"
"319","Man City","Man United","A"
"320","Stoke","Tottenham","A"
"321","Watford","Burnley","A"
"323","Arsenal","Southampton","H"
"325","Burnley","Leicester","H"
"326","Crystal Palace","Brighton","H"
"327","Huddersfield","Watford","H"
"328","Liverpool","Bournemouth","H"
"329","Southampton","Chelsea","A"
"331","Tottenham","Man City","A"
"332","Man United","West Brom","A"
"333","Newcastle","Arsenal","H"
"336","Bournemouth","Man United","A"
"337","Burnley","Chelsea","A"
"339","Leganes","Alaves","H"
"340","Valencia","Las Palmas","H"
"341","Celta","Sociedad","A"
"345","Barcelona","Betis","H"
"346","La Coruna","Real Madrid","A"
"347","Levante","Villarreal","H"
"348","Malaga","Eibar","A"
"349","Betis","Celta","H"
"350","Sociedad","Villarreal","H"
"351","Alaves","Barcelona","A"
"352","Girona","Malaga","H"
"353","Las Palmas","Ath Madrid","A"
"355","Eibar","Ath Bilbao","A"
"356","Espanol","Leganes","A"
"357","Getafe","Sevilla","A"
"359","Leganes","Getafe","A"
"360","Barcelona","Espanol","H"
"362","Sevilla","Eibar","H"
"364","Ath Bilbao","Girona","H"
"365","Celta","Alaves","H"
"366","La Coruna","Sociedad","A"
"367","Villarreal","Betis","H"
"368","Malaga","Las Palmas","A"
"369","Eibar","Leganes","H"
"370","Ath Madrid","Malaga","H"
"371","Betis","La Coruna","H"
"372","Getafe","Barcelona","A"
"374","Alaves","Villarreal","A"
"375","Girona","Sevilla","A"
"376","Las Palmas","Ath Bilbao","H"
"377","Sociedad","Real Madrid","A"
"378","Espanol","Celta","H"
"379","Barcelona","Eibar","H"
"380","Valencia","Malaga","H"
"381","Ath Bilbao","Ath Madrid","A"
"382","La Coruna","Alaves","H"
"384","Real Madrid","Betis","A"
"385","Sevilla","Las Palmas","H"
"387","Levante","Sociedad","H"
"389","Alaves","Real Madrid","A"
"390","Ath Madrid","Sevilla","H"
"391","Girona","Barcelona","A"
"393","Eibar","Celta","A"
"394","Espanol","La Coruna","H"
"395","Getafe","Villarreal","H"
"396","Las Palmas","Leganes","A"
"397","Sociedad","Valencia","A"
"398","Betis","Levante","H"
"400","La Coruna","Getafe","H"
"402","Levante","Alaves","A"
"403","Sevilla","Malaga","H"
"404","Barcelona","Las Palmas","H"
"405","Real Madrid","Espanol","H"
"407","Valencia","Ath Bilbao","H"
"408","Villarreal","Eibar","H"
"410","Alaves","Sociedad","A"
"411","Ath Bilbao","Sevilla","H"
"413","Getafe","Real Madrid","A"
"414","Betis","Valencia","A"
"416","Girona","Villarreal","A"
"417","Malaga","Leganes","A"
"418","Las Palmas","Celta","A"
"419","Barcelona","Malaga","H"
"420","Betis","Alaves","H"
"422","Valencia","Sevilla","H"
"423","Celta","Ath Madrid","A"
"424","Leganes","Ath Bilbao","H"
"425","Real Madrid","Eibar","H"
"426","Villarreal","Las Palmas","H"
"427","La Coruna","Girona","A"
"429","Alaves","Valencia","A"
"430","Ath Bilbao","Barcelona","A"
"432","Sevilla","Leganes","H"
"434","Getafe","Sociedad","H"
"435","Girona","Real Madrid","H"
"436","Malaga","Celta","H"
"437","Espanol","Betis","H"
"438","Las Palmas","La Coruna","A"
"440","Alaves","Espanol","H"
"441","Barcelona","Sevilla","H"
"442","La Coruna","Ath Madrid","A"
"443","Valencia","Leganes","H"
"444","Celta","Ath Bilbao","H"
"445","Levante","Girona","A"
"446","Real Madrid","Las Palmas","H"
"447","Sociedad","Eibar","H"
"448","Villarreal","Malaga","H"
"451","Getafe","Alaves","H"
"452","Leganes","Barcelona","A"
"453","Sevilla","Celta","H"
"455","Espanol","Valencia","A"
"456","Las Palmas","Levante","A"
"457","Malaga","La Coruna","H"
"458","Eibar","Betis","H"
"459","Celta","Leganes","H"
"460","Alaves","Eibar","A"
"462","Levante","Ath Madrid","A"
"463","Real Madrid","Malaga","H"
"467","Villarreal","Sevilla","A"
"468","Espanol","Getafe","H"
"471","Ath Madrid","Sociedad","H"
"473","Sevilla","La Coruna","H"
"474","Eibar","Espanol","H"
"475","Getafe","Valencia","H"
"476","Las Palmas","Betis","H"
"477","Leganes","Villarreal","H"
"478","Girona","Alaves","A"
"479","Alaves","Las Palmas","H"
"481","La Coruna","Leganes","H"
"482","Real Madrid","Sevilla","H"
"483","Valencia","Celta","H"
"484","Betis","Ath Madrid","A"
"485","Levante","Ath Bilbao","A"
"486","Sociedad","Malaga","A"
"487","Villarreal","Barcelona","A"
"488","Espanol","Girona","A"
"491","Ath Madrid","Alaves","H"
"492","Eibar","Valencia","H"
"493","Barcelona","La Coruna","H"
"494","Celta","Villarreal","A"
"495","Girona","Getafe","H"
"497","Malaga","Betis","A"
"499","Getafe","Las Palmas","H"
"500","Sociedad","Sevilla","H"
"501","Alaves","Malaga","H"
"502","Eibar","Girona","H"
"503","Betis","Ath Bilbao","A"
"504","Espanol","Ath Madrid","H"
"505","La Coruna","Celta","A"
"506","Real Madrid","Barcelona","A"
"507","Valencia","Villarreal","A"
"508","Ath Madrid","Getafe","H"
"509","Las Palmas","Eibar","A"
"510","Sevilla","Betis","A"
"511","Valencia","Girona","H"
"512","Ath Bilbao","Alaves","H"
"513","Barcelona","Levante","H"
"515","Leganes","Sociedad","H"
"517","Malaga","Espanol","A"
"518","Getafe","Malaga","H"
"519","Eibar","Ath Madrid","A"
"520","Girona","Las Palmas","H"
"521","La Coruna","Valencia","A"
"522","Real Madrid","Villarreal","A"
"523","Alaves","Sevilla","H"
"525","Levante","Celta","A"
"526","Sociedad","Barcelona","A"
"527","Betis","Leganes","H"
"530","Espanol","Sevilla","A"
"531","Las Palmas","Valencia","H"
"532","Villarreal","Levante","H"
"534","Betis","Barcelona","A"
"535","Real Madrid","La Coruna","H"
"536","Sociedad","Celta","A"
"541","Valencia","Real Madrid","A"
"542","Villarreal","Sociedad","H"
"543","Ath Madrid","Las Palmas","H"
"544","Barcelona","Alaves","H"
"545","Leganes","Espanol","H"
"547","Celta","Betis","H"
"548","Sociedad","La Coruna","H"
"549","Alaves","Celta","H"
"550","Betis","Villarreal","H"
"551","Eibar","Sevilla","H"
"553","Ath Madrid","Valencia","H"
"556","Girona","Ath Bilbao","H"
"557","Las Palmas","Malaga","H"
"559","Leganes","Eibar","A"
"560","Malaga","Ath Madrid","A"
"561","Real Madrid","Sociedad","H"
"562","Villarreal","Alaves","A"
"565","Sevilla","Girona","H"
"566","Valencia","Levante","H"
"567","La Coruna","Betis","A"
"568","Girona","Leganes","H"
"569","Alaves","La Coruna","H"
"570","Eibar","Barcelona","A"
"571","Las Palmas","Sevilla","A"
"572","Malaga","Valencia","A"
"573","Ath Madrid","Ath Bilbao","H"
"574","Betis","Real Madrid","A"
"576","Sociedad","Levante","H"
"577","Getafe","Celta","H"
"578","Leganes","Real Madrid","A"
"580","Barcelona","Girona","H"
"581","Celta","Eibar","H"
"583","Real Madrid","Alaves","H"
"584","Ath Bilbao","Malaga","H"
"585","Sevilla","Ath Madrid","A"
"586","Valencia","Sociedad","H"
"587","Villarreal","Getafe","H"
"588","Levante","Betis","A"
"589","Espanol","Real Madrid","H"
"590","Girona","Celta","H"
"592","Ath Madrid","Leganes","H"
"593","Eibar","Villarreal","H"
"594","Getafe","La Coruna","H"
"595","Malaga","Sevilla","A"
"596","Alaves","Levante","H"
"600","Leganes","Malaga","H"
"601","Real Madrid","Getafe","H"
"602","Sevilla","Ath Bilbao","H"
"603","Villarreal","Girona","A"
"604","Barcelona","Ath Madrid","H"
"606","Sociedad","Alaves","H"
"607","Valencia","Betis","H"
"608","Celta","Las Palmas","H"
"609","Girona","La Coruna","H"
"610","Eibar","Real Madrid","A"
"611","Getafe","Levante","A"
"612","Malaga","Barcelona","A"
"613","Sevilla","Valencia","A"
"614","Ath Bilbao","Leganes","H"
"615","Ath Madrid","Celta","H"
"616","Espanol","Sociedad","H"
"617","Las Palmas","Villarreal","A"
"618","Alaves","Betis","A"
"619","Levante","Eibar","H"
"620","Betis","Espanol","H"
"622","Sociedad","Getafe","A"
"623","Valencia","Alaves","H"
"624","Barcelona","Ath Bilbao","H"
"626","Leganes","Sevilla","H"
"627","Real Madrid","Girona","H"
"628","Villarreal","Ath Madrid","H"
"631","Las Palmas","Real Madrid","A"
"633","Ath Madrid","La Coruna","H"
"636","Leganes","Valencia","A"
"637","Malaga","Villarreal","H"
"638","Getafe","Betis","A"
"639","La Coruna","Malaga","H"
"640","Alaves","Getafe","H"
"641","Barcelona","Leganes","H"
"642","Betis","Eibar","H"
"643","Celta","Sevilla","H"
"644","Levante","Las Palmas","H"
"646","Sociedad","Girona","H"
"647","Valencia","Espanol","H"
"648","Villarreal","Ath Bilbao","A"
"649","Girona","Betis","A"
"650","Ath Bilbao","La Coruna","A"
"651","Barcelona","Valencia","H"
"652","Las Palmas","Sociedad","A"
"653","Leganes","Celta","H"
"655","Ath Madrid","Levante","H"
"656","Eibar","Alaves","A"
"657","Getafe","Espanol","H"
"658","Malaga","Real Madrid","A"
"661","Villarreal","Leganes","H"
"662","Espanol","Eibar","A"
"664","Valencia","Getafe","A"
"665","Alaves","Girona","A"
"666","Betis","Las Palmas","H"
"667","Levante","Malaga","H"
"668","Sociedad","Ath Madrid","H"
"669","Bayern Munich","Leverkusen","H"
"670","Hamburg","Augsburg","H"
"671","Hertha","Stuttgart","H"
"672","Hoffenheim","Werder Bremen","H"
"673","Mainz","Hannover","A"
"674","Schalke 04","RB Leipzig","H"
"675","Wolfsburg","Dortmund","A"
"677","M'gladbach","FC Koln","H"
"678","FC Koln","Hamburg","A"
"680","Dortmund","Hertha","H"
"681","Ein Frankfurt","Wolfsburg","A"
"683","Stuttgart","Mainz","H"
"684","Werder Bremen","Bayern Munich","A"
"685","Hannover","Schalke 04","H"
"686","RB Leipzig","Freiburg","H"
"687","Hamburg","RB Leipzig","A"
"688","Augsburg","FC Koln","H"
"690","Hoffenheim","Bayern Munich","H"
"691","Mainz","Leverkusen","H"
"692","M'gladbach","Ein Frankfurt","A"
"695","Schalke 04","Stuttgart","H"
"696","Hannover","Hamburg","H"
"697","Bayern Munich","Mainz","H"
"698","Ein Frankfurt","Augsburg","A"
"700","Stuttgart","Wolfsburg","H"
"701","Werder Bremen","Schalke 04","A"
"702","Dortmund","FC Koln","H"
"704","Leverkusen","Freiburg","H"
"705","Augsburg","RB Leipzig","H"
"706","M'gladbach","Stuttgart","H"
"707","Schalke 04","Bayern Munich","A"
"709","FC Koln","Ein Frankfurt","A"
"711","Hamburg","Dortmund","A"
"712","Hertha","Leverkusen","H"
"713","Mainz","Hoffenheim","A"
"715","Dortmund","M'gladbach","H"
"716","Hoffenheim","Schalke 04","H"
"717","Mainz","Hertha","H"
"718","RB Leipzig","Ein Frankfurt","H"
"722","Leverkusen","Hamburg","H"
"724","Augsburg","Dortmund","A"
"725","Ein Frankfurt","Stuttgart","H"
"727","M'gladbach","Hannover","H"
"729","FC Koln","RB Leipzig","A"
"730","Freiburg","Hoffenheim","H"
"732","Stuttgart","FC Koln","H"
"733","Bayern Munich","Freiburg","H"
"734","Dortmund","RB Leipzig","A"
"735","Hannover","Ein Frankfurt","A"
"736","Hertha","Schalke 04","A"
"738","Mainz","Hamburg","H"
"740","Werder Bremen","M'gladbach","A"
"741","Schalke 04","Mainz","H"
"742","Augsburg","Hannover","A"
"744","Hamburg","Bayern Munich","A"
"745","M'gladbach","Leverkusen","A"
"746","RB Leipzig","Stuttgart","H"
"751","Bayern Munich","RB Leipzig","H"
"752","Hannover","Dortmund","H"
"753","Hertha","Hamburg","H"
"754","Hoffenheim","M'gladbach","A"
"755","Leverkusen","FC Koln","H"
"757","Stuttgart","Freiburg","H"
"758","Werder Bremen","Augsburg","A"
"759","Ein Frankfurt","Werder Bremen","H"
"761","Dortmund","Bayern Munich","A"
"762","Freiburg","Schalke 04","A"
"763","Hamburg","Stuttgart","H"
"765","RB Leipzig","Hannover","H"
"766","FC Koln","Hoffenheim","A"
"768","Stuttgart","Dortmund","H"
"769","Bayern Munich","Augsburg","H"
"770","Hertha","M'gladbach","A"
"773","Mainz","FC Koln","H"
"774","Wolfsburg","Freiburg","H"
"775","Schalke 04","Hamburg","H"
"776","Werder Bremen","Hannover","H"
"778","Augsburg","Wolfsburg","H"
"780","Ein Frankfurt","Leverkusen","A"
"781","Freiburg","Mainz","H"
"782","M'gladbach","Bayern Munich","H"
"783","RB Leipzig","Werder Bremen","H"
"784","FC Koln","Hertha","A"
"785","Hamburg","Hoffenheim","H"
"787","Bayern Munich","Hannover","H"
"788","Hoffenheim","RB Leipzig","H"
"790","Mainz","Augsburg","A"
"792","Werder Bremen","Stuttgart","H"
"793","Hertha","Ein Frankfurt","A"
"794","Wolfsburg","M'gladbach","H"
"795","Stuttgart","Leverkusen","A"
"796","Dortmund","Werder Bremen","A"
"797","Ein Frankfurt","Bayern Munich","A"
"802","FC Koln","Freiburg","A"
"803","Hannover","Hoffenheim","H"
"804","Freiburg","M'gladbach","H"
"805","Hamburg","Ein Frankfurt","A"
"806","Mainz","Dortmund","A"
"808","Bayern Munich","FC Koln","H"
"809","Hertha","Hannover","H"
"810","Hoffenheim","Stuttgart","H"
"811","Leverkusen","Werder Bremen","H"
"812","Schalke 04","Augsburg","H"
"813","M'gladbach","Hamburg","H"
"815","Dortmund","Hoffenheim","H"
"817","FC Koln","Wolfsburg","H"
"818","Stuttgart","Bayern Munich","A"
"821","RB Leipzig","Hertha","A"
"822","Leverkusen","Bayern Munich","A"
"823","Augsburg","Hamburg","H"
"825","Hannover","Mainz","H"
"826","RB Leipzig","Schalke 04","H"
"827","Stuttgart","Hertha","H"
"830","FC Koln","M'gladbach","H"
"832","Freiburg","RB Leipzig","H"
"833","Hamburg","FC Koln","A"
"834","Hoffenheim","Leverkusen","A"
"835","Mainz","Stuttgart","H"
"836","M'gladbach","Augsburg","H"
"837","Wolfsburg","Ein Frankfurt","A"
"838","Bayern Munich","Werder Bremen","H"
"840","Ein Frankfurt","M'gladbach","H"
"841","Bayern Munich","Hoffenheim","H"
"845","Stuttgart","Schalke 04","A"
"847","Hannover","Wolfsburg","A"
"848","Leverkusen","Mainz","H"
"849","FC Koln","Dortmund","A"
"852","Mainz","Bayern Munich","A"
"853","M'gladbach","RB Leipzig","A"
"854","Schalke 04","Werder Bremen","A"
"856","Augsburg","Ein Frankfurt","H"
"858","RB Leipzig","Augsburg","H"
"859","Bayern Munich","Schalke 04","H"
"860","Dortmund","Hamburg","H"
"861","Ein Frankfurt","FC Koln","H"
"862","Hannover","Freiburg","H"
"863","Hoffenheim","Mainz","H"
"864","Leverkusen","Hertha","A"
"865","Stuttgart","M'gladbach","H"
"866","Werder Bremen","Wolfsburg","H"
"867","Hertha","Mainz","A"
"869","Freiburg","Werder Bremen","H"
"870","Hamburg","Leverkusen","A"
"871","Schalke 04","Hoffenheim","H"
"872","Wolfsburg","Bayern Munich","A"
"873","Augsburg","Stuttgart","A"
"874","M'gladbach","Dortmund","A"
"875","Ein Frankfurt","RB Leipzig","H"
"878","Hannover","M'gladbach","A"
"880","Stuttgart","Ein Frankfurt","H"
"881","Werder Bremen","Hamburg","H"
"882","Leverkusen","Schalke 04","A"
"883","RB Leipzig","FC Koln","A"
"886","Augsburg","Hoffenheim","A"
"887","Ein Frankfurt","Hannover","H"
"890","Schalke 04","Hertha","H"
"891","Wolfsburg","Leverkusen","A"
"892","FC Koln","Stuttgart","A"
"893","Freiburg","Bayern Munich","A"
"894","Mainz","Schalke 04","A"
"895","Bayern Munich","Hamburg","H"
"896","Hannover","Augsburg","A"
"898","Hoffenheim","Wolfsburg","H"
"899","Leverkusen","M'gladbach","H"
"900","Dortmund","Ein Frankfurt","H"
"902","Werder Bremen","FC Koln","H"
"903","Freiburg","Stuttgart","A"
"904","Augsburg","Werder Bremen","A"
"905","Ein Frankfurt","Mainz","H"
"906","Hamburg","Hertha","A"
"908","Wolfsburg","Schalke 04","A"
"909","Dortmund","Hannover","H"
"910","FC Koln","Leverkusen","H"
"911","RB Leipzig","Bayern Munich","H"
"912","Bayern Munich","Dortmund","H"
"913","Hannover","RB Leipzig","A"
"915","Hoffenheim","FC Koln","H"
"917","Schalke 04","Freiburg","H"
"920","Werder Bremen","Ein Frankfurt","H"
"921","Hannover","Werder Bremen","H"
"922","Augsburg","Bayern Munich","A"
"924","Freiburg","Wolfsburg","A"
"925","Hamburg","Schalke 04","H"
"926","M'gladbach","Hertha","H"
"927","Dortmund","Stuttgart","H"
"929","RB Leipzig","Leverkusen","A"
"931","Bayern Munich","M'gladbach","H"
"932","Hertha","FC Koln","H"
"933","Hoffenheim","Hamburg","H"
"934","Leverkusen","Ein Frankfurt","H"
"936","Schalke 04","Dortmund","H"
"938","Mainz","Freiburg","H"
"939","Juventus","Cagliari","H"
"940","Verona","Napoli","A"
"941","Atalanta","Roma","A"
"943","Crotone","Milan","A"
"944","Inter","Fiorentina","H"
"946","Sampdoria","Benevento","H"
"948","Udinese","Chievo","A"
"949","Benevento","Bologna","A"
"950","Genoa","Juventus","A"
"951","Roma","Inter","A"
"952","Chievo","Lazio","A"
"954","Fiorentina","Sampdoria","A"
"955","Milan","Cagliari","H"
"956","Napoli","Atalanta","H"
"957","Spal","Udinese","H"
"958","Torino","Sassuolo","H"
"959","Juventus","Chievo","H"
"960","Atalanta","Sassuolo","H"
"961","Benevento","Torino","A"
"962","Bologna","Napoli","A"
"963","Cagliari","Crotone","H"
"964","Inter","Spal","H"
"965","Lazio","Milan","H"
"966","Udinese","Genoa","H"
"967","Verona","Fiorentina","A"
"968","Crotone","Inter","A"
"969","Fiorentina","Bologna","H"
"970","Roma","Verona","H"
"972","Genoa","Lazio","A"
"973","Milan","Udinese","H"
"974","Napoli","Benevento","H"
"975","Sassuolo","Juventus","A"
"976","Spal","Cagliari","A"
"979","Atalanta","Crotone","H"
"980","Benevento","Roma","A"
"981","Cagliari","Sassuolo","A"
"983","Juventus","Fiorentina","H"
"984","Lazio","Napoli","A"
"985","Milan","Spal","H"
"986","Udinese","Torino","A"
"988","Juventus","Torino","H"
"989","Roma","Udinese","H"
"990","Spal","Napoli","A"
"991","Cagliari","Chievo","A"
"992","Crotone","Benevento","H"
"994","Inter","Genoa","H"
"995","Sampdoria","Milan","H"
"996","Sassuolo","Bologna","A"
"997","Verona","Lazio","A"
"998","Genoa","Bologna","A"
"999","Udinese","Sampdoria","H"
"1001","Benevento","Inter","A"
"1002","Chievo","Fiorentina","H"
"1003","Lazio","Sassuolo","H"
"1004","Milan","Roma","A"
"1005","Napoli","Cagliari","H"
"1008","Juventus","Lazio","A"
"1009","Roma","Napoli","A"
"1010","Bologna","Spal","H"
"1011","Cagliari","Genoa","A"
"1013","Fiorentina","Udinese","H"
"1014","Inter","Milan","H"
"1015","Sampdoria","Atalanta","H"
"1017","Verona","Benevento","H"
"1019","Sampdoria","Crotone","H"
"1020","Atalanta","Bologna","H"
"1021","Benevento","Fiorentina","A"
"1022","Chievo","Verona","H"
"1023","Lazio","Cagliari","H"
"1025","Spal","Sassuolo","A"
"1026","Torino","Roma","A"
"1027","Udinese","Juventus","A"
"1028","Inter","Sampdoria","H"
"1029","Atalanta","Verona","H"
"1030","Bologna","Lazio","A"
"1031","Cagliari","Benevento","H"
"1032","Chievo","Milan","A"
"1033","Fiorentina","Torino","H"
"1034","Genoa","Napoli","A"
"1035","Juventus","Spal","H"
"1036","Roma","Crotone","H"
"1037","Sassuolo","Udinese","A"
"1038","Milan","Juventus","A"
"1039","Roma","Bologna","H"
"1040","Benevento","Lazio","A"
"1041","Crotone","Fiorentina","H"
"1042","Napoli","Sassuolo","H"
"1043","Sampdoria","Chievo","H"
"1044","Spal","Genoa","H"
"1045","Torino","Cagliari","H"
"1046","Udinese","Atalanta","H"
"1047","Verona","Inter","A"
"1048","Bologna","Crotone","A"
"1049","Genoa","Sampdoria","A"
"1051","Cagliari","Verona","H"
"1053","Fiorentina","Roma","A"
"1055","Juventus","Benevento","H"
"1056","Sassuolo","Milan","A"
"1057","Napoli","Milan","H"
"1058","Roma","Lazio","H"
"1059","Benevento","Sassuolo","A"
"1060","Crotone","Genoa","A"
"1061","Inter","Atalanta","H"
"1062","Sampdoria","Juventus","H"
"1065","Udinese","Cagliari","A"
"1066","Verona","Bologna","A"
"1067","Bologna","Sampdoria","H"
"1068","Cagliari","Inter","A"
"1069","Chievo","Spal","H"
"1070","Sassuolo","Verona","A"
"1072","Juventus","Crotone","H"
"1075","Udinese","Napoli","A"
"1076","Atalanta","Benevento","H"
"1077","Napoli","Juventus","A"
"1078","Roma","Spal","H"
"1082","Fiorentina","Sassuolo","H"
"1083","Inter","Chievo","H"
"1084","Sampdoria","Lazio","A"
"1085","Crotone","Udinese","A"
"1086","Verona","Genoa","A"
"1090","Milan","Bologna","H"
"1092","Sassuolo","Crotone","H"
"1094","Udinese","Benevento","H"
"1095","Lazio","Torino","A"
"1096","Genoa","Atalanta","A"
"1097","Inter","Udinese","A"
"1098","Roma","Cagliari","H"
"1099","Torino","Napoli","A"
"1101","Benevento","Spal","A"
"1102","Bologna","Juventus","A"
"1103","Crotone","Chievo","H"
"1105","Sampdoria","Sassuolo","A"
"1106","Verona","Milan","H"
"1107","Cagliari","Fiorentina","A"
"1108","Chievo","Bologna","A"
"1109","Genoa","Benevento","H"
"1110","Juventus","Roma","H"
"1111","Lazio","Crotone","H"
"1112","Milan","Atalanta","A"
"1113","Napoli","Sampdoria","H"
"1114","Sassuolo","Inter","H"
"1116","Udinese","Verona","H"
"1117","Crotone","Napoli","A"
"1118","Atalanta","Cagliari","A"
"1119","Benevento","Chievo","H"
"1120","Bologna","Udinese","A"
"1124","Sampdoria","Spal","H"
"1126","Verona","Juventus","A"
"1129","Benevento","Sampdoria","H"
"1130","Cagliari","Juventus","A"
"1131","Genoa","Sassuolo","H"
"1132","Milan","Crotone","H"
"1133","Napoli","Verona","H"
"1134","Roma","Atalanta","A"
"1135","Spal","Lazio","A"
"1136","Torino","Bologna","H"
"1137","Atalanta","Napoli","A"
"1138","Bologna","Benevento","H"
"1139","Cagliari","Milan","A"
"1141","Lazio","Chievo","H"
"1142","Sampdoria","Fiorentina","H"
"1145","Verona","Crotone","A"
"1146","Juventus","Genoa","H"
"1147","Lazio","Udinese","H"
"1149","Chievo","Juventus","A"
"1150","Sassuolo","Atalanta","A"
"1152","Fiorentina","Verona","A"
"1153","Genoa","Udinese","A"
"1154","Milan","Lazio","H"
"1155","Napoli","Bologna","H"
"1156","Roma","Sampdoria","A"
"1158","Torino","Benevento","H"
"1161","Atalanta","Chievo","H"
"1162","Benevento","Napoli","A"
"1163","Bologna","Fiorentina","A"
"1164","Cagliari","Spal","H"
"1165","Juventus","Sassuolo","H"
"1167","Verona","Roma","A"
"1168","Lazio","Genoa","A"
"1169","Fiorentina","Juventus","A"
"1171","Napoli","Lazio","H"
"1172","Spal","Milan","A"
"1173","Chievo","Genoa","A"
"1174","Inter","Bologna","H"
"1175","Roma","Benevento","H"
"1176","Sampdoria","Verona","H"
"1178","Torino","Udinese","H"
"1179","Chievo","Cagliari","H"
"1180","Genoa","Inter","H"
"1181","Udinese","Roma","A"
"1183","Benevento","Crotone","H"
"1184","Bologna","Sassuolo","H"
"1185","Milan","Sampdoria","H"
"1186","Napoli","Spal","H"
"1187","Torino","Juventus","A"
"1188","Lazio","Verona","H"
"1189","Bologna","Genoa","H"
"1190","Inter","Benevento","H"
"1191","Crotone","Spal","A"
"1192","Fiorentina","Chievo","H"
"1193","Roma","Milan","A"
"1194","Sampdoria","Udinese","H"
"1195","Sassuolo","Lazio","A"
"1196","Verona","Torino","H"
"1197","Cagliari","Napoli","A"
"1198","Lazio","Juventus","A"
"1199","Napoli","Roma","A"
"1200","Spal","Bologna","H"
"1201","Roma","Torino","H"
"1202","Verona","Chievo","H"
"1203","Bologna","Atalanta","A"
"1205","Crotone","Sampdoria","H"
"1206","Fiorentina","Benevento","H"
"1207","Genoa","Milan","A"
"1209","Juventus","Udinese","H"
"1211","Juventus","Atalanta","H"
"1213","Udinese","Sassuolo","A"
"1214","Benevento","Cagliari","A"
"1215","Crotone","Roma","A"
"1217","Milan","Chievo","H"
"1218","Napoli","Genoa","H"
"1219","Sampdoria","Inter","A"
"1220","Torino","Fiorentina","A"
"1221","Verona","Atalanta","A"
"1222","Atalanta","Udinese","H"
"1224","Cagliari","Torino","A"
"1225","Chievo","Sampdoria","H"
"1226","Fiorentina","Crotone","H"
"1228","Inter","Verona","H"
"1229","Juventus","Milan","H"
"1230","Lazio","Benevento","H"
"1232","Atalanta","Sampdoria","A"
"1233","Genoa","Cagliari","H"
"1234","Udinese","Fiorentina","A"
"1235","Benevento","Verona","H"
"1238","Torino","Crotone","H"
"1239","Benevento","Juventus","A"
"1240","Roma","Fiorentina","A"
"1243","Crotone","Bologna","H"
"1245","Napoli","Chievo","H"
"1246","Torino","Inter","H"
"1247","Udinese","Lazio","A"
"1248","Verona","Cagliari","H"
"1250","Cagliari","Udinese","H"
"1252","Genoa","Crotone","H"
"1253","Bologna","Verona","H"
"1255","Juventus","Sampdoria","H"
"1259","Inter","Cagliari","H"
"1260","Benevento","Atalanta","A"
"1262","Fiorentina","Lazio","A"
"1263","Napoli","Udinese","H"
"1264","Roma","Genoa","H"
"1265","Sampdoria","Bologna","H"
"1268","Verona","Sassuolo","A"
"1269","Monaco","Toulouse","H"
"1270","Lyon","Strasbourg","H"
"1271","Metz","Guingamp","A"
"1272","Montpellier","Caen","H"
"1273","Paris SG","Amiens","H"
"1274","St Etienne","Nice","H"
"1277","Lille","Nantes","H"
"1278","Marseille","Dijon","H"
"1279","Nice","Troyes","A"
"1280","Rennes","Lyon","A"
"1281","Amiens","Angers","A"
"1282","Bordeaux","Metz","H"
"1283","Caen","St Etienne","A"
"1284","Nantes","Marseille","A"
"1285","Toulouse","Montpellier","H"
"1286","Dijon","Monaco","A"
"1287","Guingamp","Paris SG","A"
"1288","Strasbourg","Lille","H"
"1289","Metz","Monaco","A"
"1292","Nice","Guingamp","H"
"1294","St Etienne","Amiens","H"
"1295","Troyes","Nantes","A"
"1296","Lille","Caen","A"
"1298","Paris SG","Toulouse","H"
"1299","Paris SG","St Etienne","H"
"1300","Amiens","Nice","H"
"1301","Bordeaux","Troyes","H"
"1302","Caen","Metz","H"
"1303","Dijon","Montpellier","H"
"1305","Toulouse","Rennes","H"
"1307","Guingamp","Strasbourg","H"
"1308","Monaco","Marseille","H"
"1310","Metz","Paris SG","A"
"1311","Caen","Dijon","H"
"1312","Montpellier","Nantes","A"
"1313","Nice","Monaco","H"
"1314","Strasbourg","Amiens","A"
"1316","Lyon","Guingamp","H"
"1317","Marseille","Rennes","A"
"1319","Toulouse","Bordeaux","A"
"1320","Dijon","St Etienne","A"
"1321","Guingamp","Lille","H"
"1322","Monaco","Strasbourg","H"
"1323","Nantes","Caen","H"
"1324","Troyes","Montpellier","A"
"1325","Amiens","Marseille","A"
"1326","Angers","Metz","A"
"1327","Paris SG","Lyon","H"
"1328","Rennes","Nice","A"
"1329","Lille","Monaco","A"
"1331","Bordeaux","Guingamp","H"
"1332","Caen","Amiens","H"
"1334","Metz","Troyes","A"
"1336","Marseille","Toulouse","H"
"1338","Strasbourg","Nantes","A"
"1342","Nantes","Metz","H"
"1343","Paris SG","Bordeaux","H"
"1344","Rennes","Caen","A"
"1346","Nice","Marseille","A"
"1347","Troyes","St Etienne","H"
"1348","Lyon","Monaco","H"
"1349","Caen","Angers","A"
"1350","Dijon","Paris SG","A"
"1351","Guingamp","Rennes","H"
"1353","St Etienne","Metz","H"
"1354","Toulouse","Amiens","H"
"1356","Montpellier","Nice","H"
"1358","St Etienne","Montpellier","A"
"1359","Amiens","Bordeaux","H"
"1360","Angers","Toulouse","A"
"1361","Metz","Dijon","A"
"1362","Monaco","Caen","H"
"1363","Nantes","Guingamp","H"
"1364","Rennes","Lille","H"
"1366","Nice","Strasbourg","A"
"1367","Troyes","Lyon","A"
"1368","Paris SG","Nice","H"
"1369","Bordeaux","Monaco","A"
"1370","Caen","Troyes","H"
"1371","Dijon","Nantes","H"
"1373","Montpellier","Rennes","A"
"1375","Lille","Marseille","A"
"1376","Lyon","Metz","H"
"1378","Rennes","Bordeaux","H"
"1379","Angers","Paris SG","A"
"1380","Monaco","Guingamp","H"
"1382","Nantes","Toulouse","H"
"1383","Troyes","Strasbourg","H"
"1384","Marseille","Caen","H"
"1385","Metz","Lille","A"
"1386","Nice","Dijon","H"
"1387","St Etienne","Lyon","A"
"1389","Lille","St Etienne","H"
"1390","Dijon","Troyes","H"
"1392","Paris SG","Nantes","H"
"1393","Strasbourg","Rennes","H"
"1398","Amiens","Lille","H"
"1400","Caen","Bordeaux","H"
"1401","Dijon","Toulouse","H"
"1402","Metz","Amiens","A"
"1403","Montpellier","Lille","H"
"1404","Rennes","Nantes","H"
"1405","Troyes","Angers","H"
"1406","Marseille","Guingamp","H"
"1407","Monaco","Paris SG","A"
"1408","Nice","Lyon","A"
"1409","Amiens","Dijon","H"
"1410","Bordeaux","St Etienne","H"
"1412","Angers","Rennes","A"
"1414","Lyon","Lille","A"
"1415","Metz","Marseille","A"
"1416","Nantes","Monaco","H"
"1417","Paris SG","Troyes","H"
"1418","Toulouse","Nice","A"
"1419","Dijon","Bordeaux","H"
"1420","Lille","Toulouse","H"
"1421","Monaco","Angers","H"
"1422","Nice","Metz","H"
"1423","Rennes","Amiens","H"
"1424","Strasbourg","Paris SG","H"
"1425","Troyes","Guingamp","A"
"1426","Caen","Lyon","A"
"1429","Bordeaux","Strasbourg","A"
"1431","Guingamp","Dijon","H"
"1433","Monaco","Troyes","H"
"1434","Paris SG","Lille","H"
"1435","Toulouse","Caen","H"
"1436","Amiens","Lyon","A"
"1437","Marseille","St Etienne","H"
"1438","Nantes","Nice","A"
"1439","St Etienne","Monaco","A"
"1441","Dijon","Lille","H"
"1442","Montpellier","Metz","A"
"1443","Rennes","Paris SG","A"
"1444","Strasbourg","Toulouse","H"
"1445","Troyes","Amiens","H"
"1446","Lyon","Marseille","H"
"1447","Nantes","Angers","H"
"1448","Nice","Bordeaux","H"
"1449","Amiens","Nantes","A"
"1450","Angers","Dijon","H"
"1451","Bordeaux","Montpellier","A"
"1452","Guingamp","St Etienne","H"
"1454","Marseille","Troyes","H"
"1455","Metz","Strasbourg","H"
"1456","Monaco","Rennes","H"
"1457","Paris SG","Caen","H"
"1458","Toulouse","Lyon","A"
"1459","Strasbourg","Guingamp","A"
"1460","Caen","Lille","A"
"1463","Nice","Amiens","H"
"1464","Rennes","Marseille","A"
"1465","Troyes","Bordeaux","A"
"1467","Nantes","Paris SG","A"
"1468","St Etienne","Toulouse","H"
"1469","Bordeaux","Caen","A"
"1470","Marseille","Strasbourg","H"
"1473","Angers","Troyes","H"
"1474","Guingamp","Lyon","A"
"1475","Lille","Rennes","A"
"1476","Metz","St Etienne","H"
"1477","Paris SG","Dijon","H"
"1479","Caen","Marseille","A"
"1480","Amiens","Guingamp","H"
"1481","Montpellier","Toulouse","H"
"1482","Nantes","Bordeaux","A"
"1483","Rennes","Angers","H"
"1484","Strasbourg","Dijon","H"
"1485","Troyes","Lille","H"
"1486","Lyon","Paris SG","H"
"1487","Monaco","Metz","H"
"1488","Nice","St Etienne","H"
"1489","Dijon","Rennes","H"
"1490","Angers","Amiens","H"
"1491","Guingamp","Nantes","A"
"1492","Metz","Nice","H"
"1493","Paris SG","Montpellier","H"
"1494","St Etienne","Caen","H"
"1495","Toulouse","Troyes","H"
"1496","Bordeaux","Lyon","H"
"1497","Lille","Strasbourg","H"
"1499","Marseille","Metz","H"
"1500","Amiens","St Etienne","A"
"1501","Lille","Paris SG","A"
"1502","Montpellier","Angers","H"
"1503","Nice","Toulouse","A"
"1504","Strasbourg","Bordeaux","A"
"1505","Caen","Nantes","H"
"1506","Monaco","Lyon","H"
"1507","Rennes","Guingamp","A"
"1509","Angers","Monaco","A"
"1510","Bordeaux","Amiens","H"
"1511","Dijon","Nice","H"
"1513","Metz","Montpellier","A"
"1514","Toulouse","Paris SG","A"
"1515","Lyon","Rennes","A"
"1517","Strasbourg","Troyes","H"
"1518","Monaco","Dijon","H"
"1520","Angers","St Etienne","A"
"1523","Paris SG","Strasbourg","H"
"1524","Troyes","Metz","H"
"1526","Marseille","Bordeaux","H"
"1530","Dijon","Caen","H"
"1532","Lille","Angers","A"
"1533","Nantes","Amiens","A"
"1534","Rennes","Troyes","H"
"1538","Paris SG","Marseille","H"
"1539","Monaco","Bordeaux","H"
"1540","Nice","Lille","H"
"1541","Amiens","Rennes","A"
"1542","Angers","Guingamp","H"
"1545","Troyes","Paris SG","A"
"1546","Caen","Strasbourg","H"
"1549","Strasbourg","Monaco","A"
"1553","Nantes","Troyes","H"
"1554","Paris SG","Metz","H"
"1556","Guingamp","Nice","A"
"1557","Lyon","Caen","H"
"1558","Toulouse","Marseille","A"
"1559","Paris SG","Angers","H"
"1560","Monaco","Lille","H"
"1562","Angers","Caen","H"
"1563","Bordeaux","Rennes","A"
"1566","Marseille","Lyon","A"
"1568","Nice","Paris SG","A"
"1569","St Etienne","Guingamp","H"
"1570","Dijon","Marseille","A"
"1571","Caen","Montpellier","A"
"1572","Guingamp","Bordeaux","H"
"1573","Lille","Amiens","A"
"1574","Lyon","Toulouse","H"
"1575","Nantes","St Etienne","A"
"1577","Troyes","Nice","A"
"1580","Amiens","Caen","H"
"1582","Bordeaux","Lille","H"
"1583","Guingamp","Troyes","H"
"1584","Monaco","Nantes","H"
"1585","Toulouse","Dijon","A"
"1587","Metz","Lyon","A"
"1591","Lyon","Amiens","H"
"1593","Rennes","Metz","A"
"1594","Strasbourg","St Etienne","A"
"1595","Montpellier","Bordeaux","A"
"1596","Paris SG","Monaco","H"
"1597","Troyes","Marseille","A"
